Workbook

Sheet Scope
A1: DURBAN KZN WAREHOUSE — PRELIMINARY SCOPE OF DESIGN
A3: Item | B3: Assumption / note
A4: Purpose | B4: Parameter-driven preliminary structural design workbook for a single-storey steel warehouse. It is intentionally editable and exposes assumptions, load cases, member checks, connections and foundation checks.
A5: Baseline geometry | B5: 48 m long × 24 m wide; 8.0 m eaves; 10.0 m ridge; 6.0 m frame spacing; 8 portal bays / 9 transverse frames; 9.46° roof pitch.
A6: Durban wind | B6: eThekwini municipality is set to SANS 10160-3:2019 Annex A basic 1:50-year 3 s gust wind speed vb,0 = 36 m/s. Terrain is initially Category C; site-specific terrain/topography must be confirmed.
A7: Loads | B7: Roof dead load is parameterised. Inaccessible roof maintenance load uses SANS 10160-2:2011 category H2 baseline qk = 0.25 kPa for loaded areas ≥15 m², with the separate 1.0 kN concentrated check retained.
A8: Steel | B8: Hot-rolled steel design is set to SANS 10162-1:2011 Edition 2.1. Section properties are user inputs and must be replaced/verified against the actual manufacturer section table.
A9: Concrete | B9: Foundations are preliminary reinforced-concrete checks to SANS 10100-1:2000, with material/execution references to SANS 10100-2:2014.
A10: Masonry | B10: Non-loadbearing infill wall screening includes wind out-of-plane demand and a simplified slenderness/capacity check. Detailed reinforced masonry should be verified to SANS 10164-1/-2 where applicable.
A11: Foundation assumption | B11: Preliminary founding level = 1.20 m below ground level, allowable service bearing = 150 kPa, soil unit weight = 18 kN/m³, base friction coefficient = 0.45. These are NOT a substitute for a geotechnical investigation.
A12: Tender status | B12: This workbook is a design-development/calculation aid, not a signed structural design certificate. A South African registered professional engineer must verify the structural analysis, geotechnical parameters, connections, detailing and tender drawings before issue.
A13: Calculation classification | B13: Preliminary design-development tool. It is not a substitute for a full frame analysis, geotechnical report, connection design, detailing review or signed professional-engineer issue.

Sheet Inputs
A1: PROJECT INPUTS / DESIGN BASIS
A3: Parameter | B3: Value | C3: Units | D3: Clause / basis
A4: Building length | B4: 48 | C4: m | D4: Project assumption
A5: Building width | B5: 24 | C5: m | D5: Project assumption
A6: Eaves height | B6: 8 | C6: m | D6: Project assumption
A7: Ridge height | B7: 10 | C7: m | D7: Project assumption
A8: Frame spacing | B8: 6 | C8: m | D8: Project assumption
A9: Number of bays | B9: =B4/B8 -> 8 | C9: No. | D9: Derived: length / frame spacing
A10: Roof pitch | B10: =DEGREES(ATAN((B7-B6)/(B5/2))) -> 9.4623222 | C10: deg | D10: Geometry
A11: Steel grade | B11: 355 | C11: MPa | D11: SANS 10162-1:2011 / SANS 1431 or approved equivalent
A12: Steel E | B12: 200000 | C12: MPa | D12: SANS 10162-1:2011 material input
A13: Steel density | B13: 78.5 | C13: kN/m³ | D13: SANS 10160-2 self-weight / material density basis
A14: Concrete grade | B14: 30 | C14: MPa | D14: SANS 10100-1:2000 preliminary
A15: Rebar yield | B15: 450 | C15: MPa | D15: Project assumption; verify reinforcement product
A16: Concrete density | B16: 24 | C16: kN/m³ | D16: Material input
A17: Roof sheeting | B17: 0.15 | C17: kPa | D17: Manufacturer / project allowance
A18: Purlins & rails | B18: 0.12 | C18: kPa | D18: Project allowance
A19: Services allowance | B19: 0.1 | C19: kPa | D19: Project allowance
A20: Roof maintenance qk | B20: 0.25 | C20: kPa | D20: SANS 10160-2:2011 Table 5, H2, A ≥15 m²
A21: Roof concentrated Qk | B21: 1 | C21: kN | D21: SANS 10160-2:2011 Table 5
A22: Wind vb,0 | B22: 36 | C22: m/s | D22: SANS 10160-3:2019 Annex A, eThekwini
A23: Wind terrain | B23: C | D23: SANS 10160-3:2019 Table 2 — provisional
A24: Site altitude | B24: 0 | C24: m | D24: Preliminary; replace with survey
A25: Air density | B25: 1.2 | C25: kg/m³ | D25: SANS 10160-3:2019 Table 4 at 0 m
A26: Topography factor c0 | B26: 1 | D26: SANS 10160-3:2019 7.3.3 — provisional
A27: Internal pressure +Cpi | B27: 0.2 | D27: SANS 10160-3:2019 8.3.9 — screening
A28: Internal pressure -Cpi | B28: -0.3 | D28: SANS 10160-3:2019 8.3.9 — screening
A29: Wall external Cpe windward | B29: 0.8 | D29: Screening coefficient; verify by zone
A30: Wall external Cpe leeward | B30: -0.5 | D30: Screening coefficient; verify by zone
A31: Roof external Cpe uplift | B31: -1 | D31: Screening envelope coefficient; verify by zone
A32: Roof external Cpe down | B32: -0.2 | D32: Screening envelope coefficient; verify by zone
A33: ULS permanent γG | B33: 1.2 | D33: SANS 10160-1:2011 Table 3 — STR
A34: ULS variable γQ | B34: 1.6 | D34: SANS 10160-1:2011 Table 3 — imposed loads
A35: ULS wind γW | B35: 1.3 | D35: SANS 10160-1:2011 Table 3 — wind
A36: Serviceability factor variable | B36: 1 | D36: Characteristic serviceability
A37: Foundation depth | B37: 1.2 | C37: m | D37: Preliminary geotechnical assumption
A38: Allowable bearing pressure | B38: 150 | C38: kPa | D38: Preliminary only — geotechnical confirmation required
A39: Soil unit weight | B39: 18 | C39: kN/m³ | D39: Preliminary only
A40: Base friction μ | B40: 0.45 | D40: Preliminary only
A41: Foundation concrete cover | B41: 50 | C41: mm | D41: Preliminary; durability/fire/geotech to govern

Sheet Standards
A1: SANS DESIGN STANDARDS / CLAUSE REGISTER
A3: Standard | B3: Edition used | C3: Design area | D3: Clauses / formulae represented
A4: SANS 10160-1 | B4: 2011 Ed 1.1 | C4: Basis, combinations, partial factors | D4: 6; 7.3; Table 3; action-combination philosophy
A5: SANS 10160-2 | B5: 2011 Ed 1.1 | C5: Self-weight and imposed loads | D5: 8; 9.2; 9.3.4; Table 5 roof H1/H2; concentrated roof load
A6: SANS 10160-3 | B6: 2019 Ed 2.1 | C6: Wind actions | D6: 7.2 basic speed; 7.3 peak speed; 7.4 pressure; 8.3 wall/roof pressure zoning
A7: SANS 10160-4 | B7: 2017 Ed 2 | C7: Seismic actions | D7: Seismic screening inputs; confirm applicability and site parameters
A8: SANS 10160-5 | B8: current adopted edition to be verified | C8: Geotechnical actions | D8: Bearing, sliding, overturning and soil action framework; geotechnical report required
A9: SANS 10162-1 | B9: 2011 Ed 2.1 | C9: Hot-rolled steelwork | D9: 10 effective length; 11 section class; 13.3 compression; 13.4 shear; 13.5/13.6 bending; 13.8 interaction; 21 connections
A10: SANS 10162-2 | B10: current adopted edition to be verified | C10: Cold-formed steelwork | D10: Required if Z/C cold-formed purlins are selected
A11: SANS 10100-1 | B11: 2000 Ed 2.2 | C11: Reinforced concrete design | D11: Limit states; flexure; shear; punching; columns; isolated foundations
A12: SANS 10100-2 | B12: 2014 Ed 3 | C12: Concrete materials/execution | D12: Materials, durability and execution
A13: SANS 10164-1 | B13: adopted edition to be verified | C13: Unreinforced masonry | D13: Unit/mortar strength and structural masonry design
A14: SANS 10164-2 | B14: 2008 | C14: Reinforced masonry | D14: Reinforced masonry where wall design requires it
... A18: SANS 10400-K | B18: latest adopted edition to be verified | C18: Walls | D18: Walling provisions / interface

Sheet Loads
A1: CHARACTERISTIC LOADS AND TRIBUTARY ACTIONS
A3: Load | B3: Value | C3: Units | D3: Frame tributary | E3: Basis / formula
A4: Roof dead — sheeting | B4: =Inputs!B17 -> 0.15 | C4: kPa | D4: =B4*Inputs!B8 -> 0.9 | E4: Input × frame spacing
A5: Roof dead — purlins/rails | B5: =Inputs!B18 -> 0.12 | C5: kPa | D5: =B5*Inputs!B8 -> 0.72 | E5: Input × frame spacing
A6: Roof dead — services | B6: =Inputs!B19 -> 0.1 | C6: kPa | D6: =B6*Inputs!B8 -> 0.6 | E6: Input × frame spacing
A7: Roof maintenance | B7: =Inputs!B20 -> 0.25 | C7: kPa | D7: =B7*Inputs!B8 -> 1.5 | E7: SANS 10160-2 Table 5 H2, A ≥15 m²
A8: Roof concentrated | B8: =Inputs!B21 -> 1 | C8: kN | D8: =B8 -> 1 | E8: Separate check; not simultaneous with qk
A9: Total roof Gk | B9: =SUM(B4:B6) -> 0.37 | C9: kPa
A10: Total roof Qk | B10: =B7 -> 0.25 | C10: kPa
A11: ULS roof G+Q | B11: =Inputs!B33*B9+Inputs!B34*B10 -> 0.844 | C11: kPa | E11: SANS 10160-1 STR

Sheet Wind
A1: SANS 10160-3 WIND ACTION — SCREENING ENVELOPE
A3: Parameter | B3: Value | C3: Units | D3: Formula | E3: Clause / note
A4: vb,0 | B4: =Inputs!B22 -> 36 | C4: m/s | D4: Input | E4: Annex A, eThekwini = 36 m/s
A5: cprob | B5: 1 | D5: For 50-year baseline, cprob = 1.0 | E5: 7.2.3
A6: vb | B6: =B4*B5 -> 36 | C6: m/s | D6: cprob × vb,0 | E6: 7.2.2 Eq. 1
A7: cr(z) at eaves | B7: =0.77 -> 0.77 | D7: Provisional category C at 6–8 m | E7: Table 3 interpolation
A8: c0(z) | B8: =Inputs!B26 -> 1 | D8: Input | E8: 7.3.3
A9: vp(z) | B9: =B6*B7*B8 -> 27.72 | C9: m/s | D9: cr × c0 × vb | E9: 7.3.1 Eq. 3
A10: rho | B10: =Inputs!B25 -> 1.2 | C10: kg/m³ | D10: Input | E10: Table 4
A11: qp(z) | B11: =0.5*B10*B9^2/1000 -> 0.46103904 | C11: kPa | D11: 0.5 rho vp² | E11: 7.4 Eq. 6
A12: Windward wall net + | B12: =B11*(Inputs!B29-Inputs!B27) -> 0.27662342 | C12: kPa | D12: qp(Cpe-Cpi+) | E12: 8.3 screening
A13: Windward wall net - | B13: =B11*(Inputs!B30-Inputs!B27) -> -0.32272733 | C13: kPa | D13: Conservative suction envelope | E13: 8.3 screening
A14: Roof uplift net | B14: =B11*(Inputs!B31-Inputs!B27) -> -0.55324685 | C14: kPa | D14: qp(Cpe-Cpi+) | E14: 8.3 roof envelope
A15: Roof downward net | B15: =B11*(Inputs!B32-Inputs!B28) -> 0.046103904 | C15: kPa | D15: qp(Cpe-Cpi-) | E15: 8.3 roof envelope

Sheet Combinations
A1: DESIGN ACTION COMBINATIONS
A3: Combination | B3: Gk | C3: Qk | D3: Wk | E3: Factor / result | F3: Use
A4: ULS STR: G + Q | B4: =Loads!B9 -> 0.37 | C4: =Loads!B10 -> 0.25 | D4: 0 | E4: =Inputs!B33&"G + "&Inputs!B34&"Q" -> 1,2G + 1,6Q | F4: Gravity resistance
A5: ULS STR: G + W | B5: =Loads!B9 -> 0.37 | C5: 0 | D5: =MAX(ABS(Wind!B12),ABS(Wind!B13),ABS(Wind!B14),ABS(Wind!B15)) -> 0.55324685 | E5: =Inputs!B33&"G + "&Inputs!B35&"W" -> 1,2G + 1,3W | F5: Wind / uplift resistance
A6: ULS uplift: 0.9G + 1.3W | B6: =Loads!B9 -> 0.37 | C6: 0 | D6: =MAX(ABS(Wind!B14),ABS(Wind!B15)) -> 0.55324685 | E6: 0.9G + 1.3W | F6: Overturning/uplift
A7: SLS: G + Q | B7: =Loads!B9 -> 0.37 | C7: =Loads!B10 -> 0.25 | D7: 0 | E7: 1.0G + 1.0Q | F7: Deflection
A8: SLS: G + W | B8: =Loads!B9 -> 0.37 | C8: 0 | D8: =MAX(ABS(Wind!B12),ABS(Wind!B13),ABS(Wind!B14),ABS(Wind!B15)) -> 0.55324685 | E8: 1.0G + 1.0W | F8: Drift / service

Sheet Sections
A1: SECTION PROPERTY LIBRARY — VERIFY AGAINST SUPPLIER TABLE
A3: Mark | B3: Section | C3: A mm² | D3: Ix mm⁴ | E3: Iy mm⁴ | F3: Zplx mm³ | G3: Zely mm³ | H3: rx mm | I3: ry mm | J3: tw mm | K3: h mm | L3: Class
A4: R1 | B4: IPE 360 | C4: 7270 | D4: 1627000000 | E4: 104300000 | F4: 1024000 | G4: 904000 | H4: 149.6 | I4: 37.9 | J4: 8 | K4: 360 | L4: 1
A5: C1 | B5: HEB 240 | C5: 10600 | D5: 1126000000 | E5: 392000000 | F5: 1035000 | G5: 938000 | H5: 103 | I5: 60.8 | J5: 10 | K5: 240 | L5: 1
A6: P1 | B6: IPE 180 | C6: 2395 | D6: 131700000 | E6: 10090000 | F6: 166000 | G6: 112000 | H6: 234.5 | I6: 64.9 | J6: 6 | K6: 180 | L6: 1
A7: B1 | B7: L 90x90x8 | C7: 1376 | D7: 10000000 | E7: 10000000 | F7: 22000 | G7: 22000 | H7: 60 | I7: 60 | J7: 8 | K7: 90 | L7: 3

Sheet Member_Checks
A1: STEEL MEMBER CHECKS — SANS 10162-1 SCREENING
A3: Member | B3: Section | C3: L m | D3: A mm² | E3: Ix mm⁴ | F3: Iy mm⁴ | G3: Zplx mm³ | H3: tw mm | I3: h mm | J3: Mu kNm | K3: Vu kN | L3: Nu kN | M3: Status is screening only; use analysed actions and detailed code checks before issue. | N3: Tension capacity kN | O3: Compression capacity kN | P3: Bending capacity kNm | Q3: Shear capacity kN | R3: P-M interaction | S3: Shear ratio | T3: Bending ratio | U3: Compression ratio | V3: Overall utilisation | W3: Status
A4: RF-01 | B4: R1 | C4: 12.5 | D4: =Sections!C4 -> 7270 | E4: =Sections!D4 -> 1627000000 | F4: =Sections!E4 -> 104300000 | G4: =Sections!F4 -> 1024000 | H4: =Sections!J4 -> 8 | I4: =Sections!K4 -> 360 | J4: 380 | K4: 85 | L4: -120 | M4: Rafter — replace actions with frame analysis results | N4: =0.9*Inputs!B11*D4/1000 -> 2322.765 | O4: =Steel_Detailed!J4 -> 919.49398 | P4: =Steel_Detailed!K4 -> 327.168 | Q4: =Steel_Detailed!L4 -> 607.3056 | R4: =IF(L4>=0,ABS(L4)/N4,ABS(L4)/O4)+IF(P4>0,ABS(J4)/P4,0) -> 1.2919893 | S4: =IF(Q4>0,ABS(K4)/Q4,0) -> 0.13996248 | T4: =IF(P4>0,ABS(J4)/P4,0) -> 1.1614828 | U4: =MAX(R4:T4) -> 1.2919893 | V4: =IF(U4<=1,"PASS","FAIL") -> FAIL
A5: COL-01 | B5: C1 | C5: 8 | D5: =Sections!C5 -> 10600 | E5: =Sections!D5 -> 1126000000 | F5: =Sections!E5 -> 392000000 | G5: =Sections!F5 -> 1035000 | H5: =Sections!J5 -> 10 | I5: =Sections!K5 -> 240 | J5: 120 | K5: 55 | L5: -250 | M5: Column — replace actions with frame analysis results | N5: =0.9*Inputs!B11*D5/1000 -> 3386.7 | O5: =Steel_Detailed!J5 -> 2938.9108 | P5: =Steel_Detailed!K5 -> 330.6825 | Q5: =Steel_Detailed!L5 -> 506.088 | R5: =IF(L5>=0,ABS(L5)/N5,ABS(L5)/O5)+IF(P5>0,ABS(J5)/P5,0) -> 0.44795138 | S5: =IF(Q5>0,ABS(K5)/Q5,0) -> 0.10867675 | T5: =IF(P5>0,ABS(J5)/P5,0) -> 0.36288585 | U5: =MAX(R5:T5) -> 0.44795138 | V5: =IF(U5<=1,"PASS","FAIL") -> PASS
A6: PURL-01 | B6: P1 | C6: 6 | D6: =Sections!C6 -> 2395 | E6: =Sections!D6 -> 131700000 | F6: =Sections!E6 -> 10090000 | G6: =Sections!F6 -> 166000 | H6: =Sections!J6 -> 6 | I6: =Sections!K6 -> 180 | J6: 18 | K6: 12 | L6: 0 | M6: Purlin — SANS 10162-1 screening; use SANS 10162-2 for cold formed | N6: =0.9*Inputs!B11*D6/1000 -> 765.2025 | O6: =Steel_Detailed!J6 -> 356.91878 | P6: =Steel_Detailed!K6 -> 53.037 | Q6: =Steel_Detailed!L6 -> 227.7396 | R6: =IF(L6>=0,ABS(L6)/N6,ABS(L6)/O6)+IF(P6>0,ABS(J6)/P6,0) -> 0.33938571 | S6: =IF(Q6>0,ABS(K6)/Q6,0) -> 0.052691758 | T6: =IF(P6>0,ABS(J6)/P6,0) -> 0.33938571 | U6: =MAX(R6:T6) -> 0.33938571 | V6: =IF(U6<=1,"PASS","FAIL") -> PASS
A7: BR-01 | B7: B1 | C7: 8 | D7: =Sections!C7 -> 1376 | E7: =Sections!D7 -> 10000000 | F7: =Sections!E7 -> 10000000 | G7: =Sections!F7 -> 22000 | H7: =Sections!J7 -> 8 | I7: =Sections!K7 -> 90 | J7: 0 | K7: 15 | L7: 65 | M7: Bracing tension member | N7: =0.9*Inputs!B11*D7/1000 -> 439.632 | O7: =Steel_Detailed!J7 -> 201.11675 | P7: =Steel_Detailed!K7 -> 7.029 | Q7: =Steel_Detailed!L7 -> 151.8264 | R7: =IF(L7>=0,ABS(L7)/N7,ABS(L7)/O7)+IF(P7>0,ABS(J7)/P7,0) -> 0.14785093 | S7: =IF(Q7>0,ABS(K7)/Q7,0) -> 0.098797047 | T7: =IF(P7>0,ABS(J7)/P7,0) -> 0 | U7: =MAX(R7:T7) -> 0.14785093 | V7: =IF(U7<=1,"PASS","FAIL") -> PASS

Sheet Steel_Detailed
A1: DETAILED STEEL CHECK HELPERS — SANS 10162-1 CLAUSES 10, 11, 13
A3: Member | B3: Section | C3: L mm | D3: K | E3: rmin mm | F3: KL/r | G3: Fe MPa | H3: lambda | I3: n | J3: Cr kN | K3: Mr kNm | L3: Vr kN | M3: Clause
A4: RF-01 | B4: R1 | C4: =Member_Checks!C4*1000 -> 12500 | D4: 1 | E4: =MIN(SQRT(Member_Checks!E4/Member_Checks!D4),SQRT(Member_Checks!F4/Member_Checks!D4)) -> 119.77742 | F4: =D4*C4/E4 -> 104.36024 | G4: =PI()^2*Inputs!B12/(F4^2) -> 181.24232 | H4: =SQRT(Inputs!B11/G4) -> 1.399537 | I4: 1.34 | J4: =0.9*Member_Checks!D4*Inputs!B11/(1+H4^(2*I4))^(1/I4)/1000 -> 919.49398 | K4: =Member_Checks!G4*Inputs!B11*0.9/1000000 -> 327.168 | L4: =0.9*0.66*Member_Checks!H4*Member_Checks!I4*Inputs!B11/1000 -> 607.3056 | M4: 10; 13.3; 13.4; 13.5
A5: COL-01 | B5: C1 | C5: =Member_Checks!C5*1000 -> 8000 | D5: 1 | E5: =MIN(SQRT(Member_Checks!E5/Member_Checks!D5),SQRT(Member_Checks!F5/Member_Checks!D5)) -> 192.30479 | F5: =D5*C5/E5 -> 41.600628 | G5: =PI()^2*Inputs!B12/(F5^2) -> 1140.5911 | H5: =SQRT(Inputs!B11/G5) -> 0.55789079 | I5: 1.34 | J5: =0.9*Member_Checks!D5*Inputs!B11/(1+H5^(2*I5))^(1/I5)/1000 -> 2938.9108 | K5: =Member_Checks!G5*Inputs!B11*0.9/1000000 -> 330.6825 | L5: =0.9*0.66*Member_Checks!H5*Member_Checks!I5*Inputs!B11/1000 -> 506.088 | M5: 10; 13.3; 13.4; 13.5
A6: PURL-01 | B6: P1 | C6: =Member_Checks!C6*1000 -> 6000 | D6: 1 | E6: =MIN(SQRT(Member_Checks!E6/Member_Checks!D6),SQRT(Member_Checks!F6/Member_Checks!D6)) -> 64.907192 | F6: =D6*C6/E6 -> 92.439678 | G6: =PI()^2*Inputs!B12/(F6^2) -> 231.00048 | H6: =SQRT(Inputs!B11/G6) -> 1.2396747 | I6: 1.34 | J6: =0.9*Member_Checks!D6*Inputs!B11/(1+H6^(2*I6))^(1/I6)/1000 -> 356.91878 | K6: =Member_Checks!G6*Inputs!B11*0.9/1000000 -> 53.037 | L6: =0.9*0.66*Member_Checks!H6*Member_Checks!I6*Inputs!B11/1000 -> 227.7396 | M6: 10; 13.3; 13.4; 13.5
A7: BR-01 | B7: B1 | C7: =Member_Checks!C7*1000 -> 8000 | D7: 1 | E7: =MIN(SQRT(Member_Checks!E7/Member_Checks!D7),SQRT(Member_Checks!F7/Member_Checks!D7)) -> 85.249292 | F7: =D7*C7/E7 -> 93.842421 | G7: =PI()^2*Inputs!B12/(F7^2) -> 224.14618 | H7: =SQRT(Inputs!B11/G7) -> 1.2584864 | I7: 1.34 | J7: =0.9*Member_Checks!D7*Inputs!B11/(1+H7^(2*I7))^(1/I7)/1000 -> 201.11675 | K7: =Member_Checks!G7*Inputs!B11*0.9/1000000 -> 7.029 | L7: =0.9*0.66*Member_Checks!H7*Member_Checks!I7*Inputs!B11/1000 -> 151.8264 | M7: 10; 13.3; 13.4; 13.5

Sheet Connections
A1: CONNECTION DESIGN SCHEDULE — SANS 10162-1 CLAUSE 21 / 22
A3: Mark | B3: Connection | C3: Bolt grade | D3: Bolt dia mm | E3: No. bolts | F3: Plate t mm | G3: Shear demand kN | H3: Bolt shear resistance kN | I3: Plate/block resistance kN | J3: Notes
A4: CON-01 | B4: Rafter-to-column knee | C4: 8.8 | D4: 20 | E4: 6 | F4: 12 | G4: 85 | H4: =0.6*0.67*E4*PI()*D4^2/4*830/1000 -> 628.93428 | I4: =0.67*355*F4*D4/1000 -> 57.084 | J4: Design for shear, moment, axial; include prying and block shear
A5: CON-02 | B5: Rafter ridge splice | C5: 8.8 | D5: 20 | E5: 8 | F5: 12 | G5: 65 | H5: =0.6*0.67*E5*PI()*D5^2/4*830/1000 -> 838.57904 | I5: =0.67*355*F5*D5/1000 -> 57.084 | J5: Verify bolt bearing, net section, block shear and slip where required
A6: CON-03 | B6: Base plate / anchors | C6: 8.8 | D6: 24 | E6: 4 | F6: 20 | G6: 55 | H6: =0.6*0.67*E6*PI()*D6^2/4*830/1000 -> 603.77691 | I6: =0.67*355*F6*D6/1000 -> 114.168 | J6: Anchor tension/shear, concrete breakout and base plate bending require detailed design
A7: CON-04 | B7: Bracing gusset | C7: 8.8 | D7: 20 | E7: 4 | F7: 10 | G7: 15 | H7: =0.6*0.67*E7*PI()*D7^2/4*830/1000 -> 419.28952 | I7: =0.67*355*F7*D7/1000 -> 47.57 | J7: Check gusset Whitmore section, block shear and welds

Sheet Foundations
A1: ISOLATED FOOTING PRELIMINARY DESIGN — SANS 10100-1
A3: Item | B3: Value | C3: Units | D3: Formula / input | E3: Notes
A4: Service axial load | B4: 250 | C4: kN | D4: Frame reaction input
A5: Service moment | B5: 120 | C5: kNm | D5: Frame reaction input
A6: Service horizontal | B6: 55 | C6: kN | D6: Frame reaction input
A7: Footing length | B7: 2.5 | C7: m | D7: Trial dimension
A8: Footing width | B8: 2.5 | C8: m | D8: Trial dimension
A9: Footing thickness | B9: 0.6 | C9: m | D9: Trial dimension
A10: Self-weight footing | B10: =B7*B8*B9*Inputs!B16 -> 90 | C10: kN | D10: L×B×t×γc
A11: Service bearing area | B11: =B7*B8 -> 6.25 | C11: m² | D11: L×B
A12: Total service N | B12: =B4+B10 -> 340 | C12: kN | D12: N + footing self-weight
A13: Eccentricity | B13: =B5/B12 -> 0.35294118 | C13: m | D13: M/N
A14: qmax | B14: =B12/B11*(1+6*B13/B7) -> 100.48 | C14: kPa | D14: N/A × (1+6e/L)
A15: qmin | B15: =B12/B11*(1-6*B13/B7) -> 8.32 | C15: kPa | D15: N/A × (1-6e/L)
A16: Bearing utilisation | B16: =B14/Inputs!B38 -> 0.66986667 | C16: ratio | D16: qmax/qallow
A17: Sliding resistance | B17: =B12*Inputs!B40 -> 153 | C17: kN | D17: N μ
A18: Sliding utilisation | B18: =B6/B17 -> 0.35947712 | C18: ratio | D18: H/R
A19: Overturning resistance | B19: =B12*(B7/2) -> 425 | C19: kNm | D19: N×B/2; simplified
A20: Overturning utilisation | B20: =B5/B19 -> 0.28235294 | C20: ratio | D20: M/R

Sheet Masonry
A1: MASONRY INFILL WALL SCREENING — SANS 10164 INTERFACE
A3: Parameter | B3: Value | C3: Units | D3: Formula | E3: Result | F3: Limit | G3: Utilisation | H3: Status | I3: Clause | J3: Notes
A4: Wall thickness | B4: 0.14 | C4: m | D4: Input | I4: SANS 10164 | J4: Typical 140 mm infill
A5: Wall clear height | B5: 7.5 | C5: m | D5: Input | I5: SANS 10164 | J5: Editable
A6: Wall panel width | B6: 6 | C6: m | D6: Input | I6: SANS 10164 | J6: Frame spacing
A7: Masonry density | B7: 18 | C7: kN/m³ | D7: Input | I7: SANS 10164
A8: Characteristic masonry strength fk | B8: 5 | C8: MPa | D8: Input | I8: SANS 10164-1 | J8: Verify unit/mortar combination
A9: Wind pressure | B9: =MAX(ABS(Wind!B12),ABS(Wind!B13)) -> 0.32272733 | C9: kPa | D9: Wind envelope | I9: SANS 10160-3
A10: Bending moment coefficient | B10: 0.125 | D10: Simply-supported strip screening | I10: Engineering screening | J10: Detailed wall coefficients to be verified
A11: M per m width | B11: =B9*B10*B8^2 -> 1.0085229 | C11: kNm/m | D11: c·w·h² | I11: Screening
A12: Section modulus per m | B12: =B5*B4^2/6 -> 0.0245 | C12: m³/m | D12: t²/6 | I12: SANS 10164 interface
A13: Bending stress | B13: =B11/B12*1000 -> 41164.2 | C13: MPa | D13: M/Z | E13: =B13 -> 41164.2 | F13: =B14 -> 53.571429 | G13: =E13/F13 -> 768.3984 | H13: =IF(G13<=1,"PASS","FAIL") -> FAIL | I13: Screening
A14: Slenderness h/t | B14: =B5/B4 -> 53.571429 | C14: ratio | D14: h/t | I14: SANS 10164
A15: Indicative allowable stress | B15: =0.25*B8 -> 1.25 | C15: MPa | D15: Conservative screening factor × fk | E15: =B15 -> 1.25 | F15: 20 | G15: =E15/F15 -> 0.0625 | H15: =IF(G15<=1,"PASS","FAIL") -> PASS | I15: Screening only | J15: Replace with full code capacity

Sheet QA_Checklist
A1: ENGINEERING QA / HOLD POINTS BEFORE TENDER
A3: Check | B3: Status | C3: Comment
A4: Video/project geometry confirmed | B4: PASS | C4: Check done
A5: Geotechnical report available | B5: PASS | C5: Check done
A6: Wind terrain/topography confirmed | B6: PASS | C6: Check done
A7: 2D/3D frame analysis completed | B7: PASS | C7: Check done
A8: Section properties verified | B8: PASS | C8: Check done
A9: Lateral restraint / purlin bracing verified | B9: PASS | C9: Check done
A10: All steel connections designed | B10: PASS | C10: Check done
A11: Foundation design completed | B11: PASS | C11: Check done
A12: Masonry wall design completed | B12: PASS | C12: Check done
A13: Doors/windows/wall interfaces coordinated | B13: PASS | C13: Check done
A14: Fire / corrosion protection confirmed | B14: PASS | C14: Check done
A15: Tender drawings checked and signed | B15: PASS | C15: Check done

Sheet Formula_Notes
A1: FORMULA REGISTER
A3: Check | B3: Formula / implementation
A4: Basic wind speed | B4: vb = cprob × vb,0 — SANS 10160-3:2019 7.2.2, Eq. 1
A5: Peak wind speed | B5: vp(z) = cr(z) × c0(z) × vb — SANS 10160-3:2019 7.3.1, Eq. 3
A6: Peak wind pressure | B6: qp(z) = 0.5 ρ vp² — SANS 10160-3:2019 7.4, Eq. 6
A7: Wind pressure | B7: we = qp × cpe; wi = qp × cpi — SANS 10160-3:2019 7.5 / 8.3
A8: Roof H2 imposed load | B8: qk = 0.25 kPa for loaded area ≥15 m²; separate Qk = 1.0 kN check — SANS 10160-2:2011 Table 5
A9: ULS STR actions | B9: Permanent and variable action factors from SANS 10160-1:2011 Table 3; exact combination must be checked for the governing effect.
A10: Steel tension | B10: Tr = φ Ag fy — SANS 10162-1:2011 13.2; connected/net-section checks also required.
A11: Steel compression | B11: Cr = φ A fy (1+λ²n)^(-1/n), λ = sqrt(fy/fe), fe = π²E/(KL/r)² — SANS 10162-1:2011 13.3.1.
A12: Steel bending, laterally supported | B12: Mr = φ Zpl fy for Class 1/2 or φ Ze fy for Class 3 — SANS 10162-1:2011 13.5.
A13: Steel shear | B13: Vr = φ Av fs, with web slenderness / buckling provisions — SANS 10162-1:2011 13.4.
A14: Steel combined actions | B14: Interaction of axial force and bending is required — SANS 10162-1:2011 13.8 / 13.9.
... A16: Foundation concrete | B16: Complete flexure, one-way shear, punching, anchorage and minimum reinforcement to SANS 10100-1.
